answer,latitude,longitude,category
PRE23/ARE64/SUB6401,35.1701955,136.9180055,餃子
PRE04/ARE264/SUB26401,38.1867892,140.8739927,和食
PRE40/ARE130/SUB13004,33.547256,130.336644,ステーキ
PRE26/ARE115/SUB11501,35.0370388,135.7300181,チャーハン
PRE23/ARE68/SUB6801,35.1260767,136.8799081,旅館
PRE12/ARE460/SUB46002,35.7425798,140.317984,たこ焼き
PRE01/ARE164/SUB44202,43.0095654,141.4374371,ラーメン
PRE26/ARE118/SUB11801,35.020643,135.769625,ビアガーデン
PRE37/ARE436/SUB43601,34.1263692,133.725445,サンドイッチ
PRE23/ARE71/SUB60305,35.3333234,136.8585984,餃子
PRE16/ARE307/SUB30702,36.857198,136.9855227,すっぽん料理
PRE34/ARE248/SUB24803,34.4356528,132.7224543,餃子
PRE11/ARE49/SUB48807,36.1388213,139.5450622,イタリア料理
PRE15/ARE157/SUB15701,37.9162394,139.055229,お子様ランチ
PRE22/ARE79/SUB33302,34.6934101,137.7008425,屋台
PRE13/ARE12/SUB1204,35.7058111,139.648912,刺身
PRE27/ARE89/SUB8907,34.7113357,135.5000085,餃子
PRE13/ARE663/SUB1205,35.7064717,139.6181367,ローストビーフ丼
PRE14/ARE39/SUB3903,35.4433251,139.6467309,バル
PRE02/ARE243/SUB34605,40.5092071,141.4909331,アイスクリーム
PRE01/ARE164/SUB43803,43.0678306,141.3501483,ステーキ
PRE27/ARE85/SUB8403,34.7489499,135.4757865,ちゃんこ鍋
PRE39/ARE256/SUB25602,33.544686,134.2966063,トルコ料理
PRE25/ARE119/SUB11901,35.2467323,135.8683949,餃子
PRE11/ARE48/SUB4802,35.8536918,139.3102488,餃子
PRE47/ARE144/SUB14405,26.2890629,127.7562199,上海料理・上海蟹
PRE22/ARE78/SUB32909,35.0553208,138.3384233,サムギョプサル
PRE30/ARE283/SUB28302,33.6795105,135.3442457,ドイツ料理
PRE13/ARE1/SUB101,35.6865031,139.6969937,季節料理
PRE44/ARE138/SUB27902,33.0769429,131.3809878,すき焼き
PRE35/ARE229/SUB22901,33.9520959,130.9249746,サラダ専門店
PRE12/ARE47/SUB4701,35.7349466,140.8416382,羊肉
PRE14/ARE34/SUB31303,35.3168937,139.3642676,ちゃんぽん
PRE07/ARE235/SUB23501,37.4946763,139.9275091,餃子
PRE28/ARE106/SUB10601,34.5888489,135.0173781,ソフトクリーム
PRE17/ARE226/SUB54907,37.1396216,136.7259632,そば（蕎麦）
PRE47/ARE144/SUB14404,26.1789533,127.6563854,シュラスコ
PRE13/ARE662/SUB66202,35.7293506,139.7125803,餃子
PRE23/ARE68/SUB6804,35.0901659,136.9763136,熟成肉
PRE22/ARE79/SUB33304,34.7239082,137.7366692,ランチバイキング・ビュッフェ
PRE14/ARE33/SUB57802,35.4557812,139.5825558,和菓子
PRE41/ARE504/SUB14003,33.1921327,129.9585307,インド料理
PRE05/ARE282/SUB28202,39.2196197,139.9004132,オーストラリア料理
PRE23/ARE61/SUB6102,35.1674639,136.8728596,社員食堂
PRE21/ARE81/SUB37905,35.4066457,136.8319757,朝食バイキング
PRE27/ARE627/SUB9302,34.6739234,135.4795662,ロシア料理
PRE11/ARE487/SUB48703,36.047613,139.225131,クッキー
PRE23/ARE66/SUB6601,35.1679773,136.9360956,南米料理
PRE23/ARE71/SUB7102,35.3022079,136.9229812,弁当屋
PRE13/ARE11/SUB1104,35.6955888,139.7573171,鉄板焼き
PRE40/ARE134/SUB65207,33.8467428,130.6719405,サムギョプサル
PRE22/ARE319/SUB31903,34.9119859,139.1194328,南米料理
PRE03/ARE293/SUB36403,39.3293881,141.5299463,ドイツ料理
PRE13/ARE1/SUB106,35.6852975,139.6910857,会席料理
PRE17/ARE155/SUB54802,36.5263397,136.604741,明石焼き
PRE01/ARE164/SUB44102,43.0693789,141.4036636,牛タン
PRE13/ARE12/SUB1206,35.7046302,139.6342362,馬肉料理
PRE40/ARE128/SUB12806,33.6022761,130.4267629,B級麺料理
PRE13/ARE8/SUB802,35.662584,139.6973305,ビアホール
PRE40/ARE124/SUB12302,33.5876086,130.3908714,刀削麺
PRE13/ARE22/SUB2208,35.6769548,139.6435919,オムライス
PRE28/ARE105/SUB63507,35.0138556,134.3696782,ファミレス
PRE27/ARE86/SUB61004,34.7837897,135.6282553,餃子
PRE01/ARE164/SUB43902,43.1258709,141.2545935,ソフトクリーム
PRE01/ARE244/SUB24401,41.7728944,140.7243563,餃子
PRE17/ARE260/SUB55002,36.4897152,136.4824179,餃子
PRE27/ARE87/SUB8701,34.5415233,135.459853,スイーツ・ケーキバイキング
PRE13/ARE2/SUB1603,35.6658286,139.7610223,チャーハン
PRE22/ARE334/SUB33402,34.8472079,137.8088633,釜飯
PRE07/ARE222/SUB22201,37.0480824,140.8830155,ビアバー
PRE22/ARE324/SUB32404,34.7531634,138.775317,台湾料理
PRE14/ARE34/SUB31304,35.3076791,139.482536,スポーツバー
PRE27/ARE88/SUB8801,34.7330735,135.4996538,餃子
PRE19/ARE259/SUB25901,35.4910166,138.7982343,餃子
PRE21/ARE302/SUB38105,35.4982733,137.5058016,たこ焼き
PRE06/ARE162/SUB28903,38.346808,140.369862,鉄板焼き
PRE25/ARE295/SUB29501,35.0218537,135.9637748,餃子
PRE13/ARE4/SUB402,35.7008642,139.4830043,台湾料理
PRE36/ARE339/SUB33902,34.0717376,134.3591143,メキシコ料理
PRE40/ARE135/SUB13501,33.5254798,130.4737103,刀削麺
PRE08/ARE56/SUB5601,36.3534208,140.4334363,ハワイ料理
PRE11/ARE51/SUB5106,35.8722855,139.687805,インド料理
PRE13/ARE14/SUB1404,35.64533,139.7283045,肉バル
PRE24/ARE406/SUB40601,34.7512344,136.150745,肉バル
PRE44/ARE237/SUB23701,32.9612393,131.8993929,バーベキュー
PRE23/ARE70/SUB60205,34.8666792,136.9775991,京料理
PRE13/ARE10/SUB1002,35.6771379,139.7762729,シュークリーム
PRE27/ARE93/SUB62203,34.6541257,135.4324764,豚料理
PRE16/ARE307/SUB40202,36.779226,137.0841396,カツ丼
PRE17/ARE260/SUB26001,36.3937252,136.4797362,ちゃんこ鍋
PRE14/ARE28/SUB2803,35.5715166,139.3710799,天丼
PRE11/ARE48/SUB48604,35.8493018,139.4008112,油そば
PRE13/ARE23/SUB2302,35.66602,139.7169802,ジンギスカン
PRE04/ARE158/SUB53103,38.2613658,140.8720225,ゼリー
PRE47/ARE290/SUB53003,26.1334865,127.7846402,カレー
PRE17/ARE155/SUB15501,36.5614418,136.6516942,ケーキ屋
PRE11/ARE49/SUB48808,36.0715201,139.7209448,季節料理
PRE28/ARE106/SUB63702,34.3407327,134.9024991,朝食バイキング
PRE22/ARE326/SUB32602,35.1098338,138.9033198,つけ麺
PRE13/ARE665/SUB2001,35.6181978,139.6529593,ビアホール
PRE43/ARE253/SUB25301,32.455091,130.192199,串カツ
PRE19/ARE375/SUB8302,35.9148114,138.4434495,北海道料理
PRE13/ARE26/SUB2601,35.7345848,139.6568244,和スイーツ
PRE43/ARE304/SUB51502,33.120154,131.0702661,うなぎ
PRE13/ARE18/SUB1801,35.6727101,139.7396361,チーズタッカルビ
PRE13/ARE10/SUB1001,35.6871531,139.7798355,カツ丼
PRE27/ARE94/SUB62310,34.6739529,135.4996471,炭火焼き
PRE14/ARE30/SUB57403,35.1446513,139.1097152,和スイーツ
PRE33/ARE424/SUB23903,34.6730249,133.5303175,京料理
PRE14/ARE35/SUB3503,35.5095988,139.6323574,タイ料理
PRE26/ARE657/SUB10901,35.0042655,135.7573009,インドカレー
PRE45/ARE297/SUB29702,32.4634987,131.4195451,会席料理
PRE34/ARE152/SUB56603,34.3930413,132.4747101,とんこつラーメン
PRE21/ARE306/SUB38302,36.2574595,136.9071526,冷麺
PRE13/ARE10/SUB1005,35.6689355,139.8108496,鍋
PRE14/ARE37/SUB3701,35.5274151,139.7001585,餃子
PRE23/ARE72/SUB60404,35.0589652,137.0144602,とんこつラーメン
PRE43/ARE241/SUB24102,32.210772,130.402726,チーズ料理
PRE13/ARE663/SUB1202,35.7079438,139.5795905,串焼き
PRE17/ARE226/SUB22602,37.3998233,136.9405357,焼き鳥
PRE12/ARE45/SUB4504,35.651959,140.0653648,家系ラーメン
PRE27/ARE627/SUB62704,34.6341035,135.5163477,ピザ
PRE22/ARE76/SUB31803,35.0462523,139.0803165,喫茶店
PRE28/ARE105/SUB10501,34.8260997,134.6920186,味噌ラーメン
PRE26/ARE112/SUB11301,34.9887419,135.8158711,餃子
PRE12/ARE42/SUB4102,35.7818007,139.9009639,うなぎ
PRE11/ARE54/SUB5401,35.9325027,139.7662553,餃子
PRE03/ARE293/SUB36402,39.3858336,141.1171131,サラダ専門店
PRE34/ARE152/SUB15201,34.3892458,132.460801,インドネシア料理
PRE13/ARE26/SUB2602,35.7444577,139.6824424,中華料理
PRE21/ARE382/SUB38203,35.4483101,137.0368055,イタリアンバル
PRE13/ARE3/SUB301,35.7352094,139.4369804,餃子
PRE20/ARE273/SUB27301,36.2325206,137.9718749,ほうとう
PRE08/ARE57/SUB5704,35.966199,140.170869,ビストロ
PRE14/ARE586/SUB3702,35.507079,139.6799218,パブ
PRE13/ARE19/SUB1905,35.569915,139.6862302,餃子
PRE44/ARE279/SUB13802,33.3120848,131.4841695,餃子
PRE09/ARE539/SUB53904,36.664535,140.169735,タイ料理
PRE07/ARE163/SUB35105,37.1127234,140.2603811,餃子
PRE03/ARE293/SUB29301,39.3013781,141.0723799,イタリア料理
PRE13/ARE11/SUB1101,35.693535,139.7718913,京料理
PRE33/ARE153/SUB15301,34.6658948,133.92929,海鮮丼
PRE47/ARE267/SUB26702,26.3340304,127.7475017,つけ麺
PRE13/ARE5/SUB504,35.7310066,139.7417753,餃子
PRE22/ARE336/SUB33603,34.7427827,137.926044,魚介・海鮮料理
PRE11/ARE52/SUB5201,35.8029064,139.7196089,餃子
PRE13/ARE312/SUB31203,35.662449,139.779708,ワインバル
PRE10/ARE60/SUB6002,36.3273145,139.0027137,餃子
PRE26/ARE485/SUB48502,35.5309337,135.1207527,オムライス
PRE07/ARE222/SUB22202,37.6204541,140.9564112,餃子
PRE01/ARE164/SUB44001,43.082857,141.345762,中華菓子
PRE13/ARE666/SUB66602,35.7773987,139.4938638,フレンチトースト
PRE45/ARE297/SUB29703,32.5891292,131.670632,馬肉料理
PRE05/ARE292/SUB40003,39.1623911,140.4923522,チーズタッカルビ
PRE29/ARE386/SUB38601,34.5295428,135.7981808,ダーツバー
PRE13/ARE24/SUB2402,35.7761521,139.6292732,餃子
PRE11/ARE48/SUB48605,35.9206542,139.3422675,北海道料理
PRE01/ARE271/SUB28602,44.4843058,142.3454794,沖縄そば
PRE44/ARE230/SUB23001,33.6049692,131.1930379,自然食
PRE40/ARE125/SUB12503,33.578444,130.386624,ホテル
PRE27/ARE89/SUB8901,34.7027856,135.4948702,餃子
PRE04/ARE158/SUB15801,38.2586132,140.8847944,ファミレス
PRE22/ARE335/SUB7903,34.771841,138.016707,カリフォルニア料理
PRE24/ARE250/SUB40906,35.08643,136.58253,料亭
PRE23/ARE75/SUB7503,34.837396,137.3269179,配達
PRE13/ARE20/SUB2005,35.6437831,139.6548965,九州料理
PRE19/ARE259/SUB37205,35.4138617,138.8603418,ゼリー
PRE22/ARE79/SUB33303,34.7003513,137.6986484,上海料理・上海蟹
PRE04/ARE158/SUB53105,38.2260149,140.884493,うなぎ
PRE13/ARE666/SUB66601,35.7592102,139.5321465,餃子
PRE26/ARE111/SUB11103,34.9928598,135.7362051,油そば
PRE01/ARE164/SUB44101,43.0352614,141.3819443,餃子
PRE29/ARE281/SUB28102,34.6485831,135.7894927,餃子
PRE14/ARE33/SUB3301,35.4712328,139.5761342,丼もの
PRE30/ARE121/SUB41703,34.349776,135.6311187,ワインバル
PRE20/ARE227/SUB55804,36.3221813,138.417263,水炊き
PRE23/ARE70/SUB7001,35.0065781,136.9927428,ジビエ
PRE22/ARE336/SUB7902,34.7217251,137.8579125,チーズフォンデュ
PRE28/ARE107/SUB10403,34.9177915,135.1828678,もんじゃ焼き
PRE40/ARE134/SUB65209,33.9455332,130.9610694,ご当地グルメ
PRE18/ARE556/SUB15401,36.0766609,136.2035549,羊肉
PRE13/ARE7/SUB702,35.6505161,139.7026197,餃子
PRE27/ARE91/SUB9101,34.691425,135.4981139,ハンバーグ
PRE13/ARE4/SUB403,35.6952355,139.4384857,餃子
PRE41/ARE233/SUB23303,33.4468127,130.1052872,居酒屋
PRE13/ARE17/SUB1701,35.6942216,139.8118991,餃子
PRE27/ARE92/SUB9202,34.6956218,135.5100327,甘味処
PRE27/ARE84/SUB8401,34.7573811,135.4946541,割烹・小料理屋
PRE27/ARE94/SUB9502,34.6683566,135.5032254,プリン
PRE17/ARE260/SUB26002,36.3164195,136.3587013,チーズフォンデュ
PRE28/ARE107/SUB10701,35.1115725,135.2651748,ダイニングバー
PRE23/ARE65/SUB6501,35.146484,136.8997355,餃子
PRE22/ARE78/SUB32903,34.9828497,138.3773391,インドネシア料理
PRE14/ARE30/SUB3001,35.2432877,139.1261653,クッキー
PRE20/ARE298/SUB29801,36.0174744,138.1269783,あんこう鍋
PRE22/ARE77/SUB7702,35.0827293,138.8584154,テイクアウト
PRE14/ARE29/SUB2902,35.3662366,139.1846777,オーダーバイキング
PRE13/ARE17/SUB1704,35.7064648,139.8041551,塩ラーメン
PRE36/ARE148/SUB14803,34.0162183,134.5743699,オーストラリア料理
PRE40/ARE134/SUB65203,33.8360948,130.7326303,餃子
PRE13/ARE24/SUB2401,35.7477148,139.7191925,広東料理
PRE14/ARE37/SUB58502,35.5186222,139.7028351,かにしゃぶ
PRE13/ARE8/SUB805,35.6607666,139.7085992,餃子
PRE33/ARE276/SUB27601,35.0619268,133.9473711,スポーツバー
PRE25/ARE415/SUB41502,35.0682722,136.0211255,とんこつラーメン
PRE11/ARE48/SUB4801,35.7911248,139.4755081,牛料理
PRE28/ARE105/SUB10503,34.784732,134.80986,ランチバイキング・ビュッフェ
PRE14/ARE36/SUB3302,35.4014347,139.5318362,タジン鍋
PRE40/ARE137/SUB65308,33.603315,130.5361359,イタリア料理
PRE40/ARE128/SUB12805,33.542935,130.4600126,すっぽん料理
PRE40/ARE133/SUB13301,33.5562956,130.3615971,サムギョプサル
PRE23/ARE65/SUB6502,35.1570112,136.9150144,フレンチトースト
PRE13/ARE10/SUB1006,35.6795794,139.8699785,薬膳料理
PRE06/ARE162/SUB34705,38.4311455,140.311359,しゃぶしゃぶ
PRE18/ARE308/SUB30802,35.9021853,136.1704851,エジプト料理
PRE38/ARE145/SUB39005,33.6580136,132.9002405,屋台
PRE26/ARE114/SUB11403,34.9793799,135.6934029,オムライス
PRE28/ARE99/SUB10101,34.6575475,135.1349808,二郎系ラーメン
PRE01/ARE245/SUB24503,42.6294532,141.6175235,珍しい鍋
PRE47/ARE144/SUB14402,26.2159843,127.6816842,飲茶・点心
PRE23/ARE69/SUB6904,35.2446153,137.0190359,弁当屋
PRE23/ARE68/SUB6802,35.11516,136.8733693,牛タン
PRE08/ARE56/SUB5602,36.3983203,140.5269735,シチュー
PRE27/ARE627/SUB62702,34.6654322,135.4782709,イタリアンバル
PRE11/ARE489/SUB4902,36.1429267,139.3877478,餃子
PRE12/ARE459/SUB45903,35.6551521,140.1541345,小龍包
PRE09/ARE539/SUB53902,36.3858134,139.9710131,料亭
PRE12/ARE468/SUB46801,34.9721244,139.8636391,焼き鳥
PRE25/ARE295/SUB41402,35.0464967,135.995486,サラダバー
PRE27/ARE97/SUB9701,34.6465502,135.5109702,スープカレー
PRE15/ARE496/SUB49602,38.2206902,139.4642533,カフェ
PRE14/ARE31/SUB3202,35.5608326,139.591687,ふぐ料理
PRE41/ARE504/SUB50403,32.9907424,130.2013387,もんじゃ焼き
PRE28/ARE99/SUB9903,34.6587755,135.1443856,回転寿司
PRE19/ARE83/SUB37105,35.6789145,138.5125033,日本酒バー
PRE22/ARE331/SUB7803,34.8603578,138.3221738,からあげ
PRE23/ARE67/SUB6701,35.1498789,136.9146147,ネパール料理
PRE03/ARE365/SUB29303,38.9273157,141.1371946,薬膳料理
PRE13/ARE6/SUB604,35.7012991,139.7407469,シュラスコ
PRE13/ARE667/SUB2503,35.62952,139.4013682,コーヒー専門店
PRE36/ARE148/SUB14801,34.0746172,134.5491676,日本料理
PRE44/ARE138/SUB13801,33.240577,131.605369,しゃぶしゃぶ
PRE32/ARE151/SUB56302,35.2950007,132.882934,味噌ラーメン
PRE22/ARE336/SUB33605,34.6783235,137.9150829,二郎系ラーメン
PRE40/ARE135/SUB65309,33.4890084,130.4135989,餃子
PRE27/ARE92/SUB62105,34.7077775,135.5115833,ラーメン
PRE01/ARE286/SUB44902,44.3558816,141.6933978,フランス料理
PRE40/ARE135/SUB13503,33.524946,130.4946324,馬肉料理
PRE12/ARE44/SUB4401,35.7833884,140.316726,湯豆腐
PRE39/ARE147/SUB14702,33.495505,133.427425,かに料理
PRE28/ARE100/SUB10004,34.7204,135.2608016,タジン鍋
PRE46/ARE287/SUB28701,30.7340319,130.9951528,餃子
PRE26/ARE481/SUB48102,34.8218268,135.7697899,餃子
PRE13/ARE2/SUB204,35.6599313,139.7767548,からあげ
PRE34/ARE152/SUB56607,34.3822599,132.6359632,ビアレストラン
PRE13/ARE19/SUB1901,35.6049409,139.7433855,餃子
PRE22/ARE323/SUB7602,34.9786,138.950826,水炊き
PRE27/ARE85/SUB8502,34.8365145,135.5894109,肉バル
PRE26/ARE478/SUB11702,34.9101313,135.8034253,洋菓子
PRE21/ARE380/SUB38003,35.1556737,136.6335024,定食
PRE27/ARE94/SUB62304,34.670551,135.5073765,朝食バイキング
PRE14/ARE579/SUB57901,35.4065113,139.498488,アラビア料理
PRE40/ARE134/SUB65208,33.6193886,131.1407253,羊肉
PRE13/ARE24/SUB2404,35.7534071,139.7338205,餃子
PRE13/ARE14/SUB1402,35.6602141,139.7194048,インドネシア料理
PRE42/ARE139/SUB50604,32.8245995,129.8481469,明石焼き
PRE40/ARE127/SUB12801,33.5991161,130.4028708,広東料理
PRE23/ARE70/SUB60202,34.958684,137.0968043,オイスターバー
PRE28/ARE101/SUB10104,34.7626594,135.1702181,パスタ
PRE14/ARE34/SUB3401,35.3186491,139.5493424,インターネットカフェ
PRE01/ARE261/SUB44501,43.2027931,141.7587067,スープ
PRE29/ARE246/SUB24602,34.2694141,135.8821859,チーズ料理
PRE13/ARE13/SUB704,35.6342755,139.7169003,おばんざい
PRE11/ARE489/SUB48902,36.120799,139.2264163,餃子
PRE18/ARE308/SUB30801,35.943436,136.1942763,海鮮丼
PRE27/ARE94/SUB9404,34.6760964,135.4838418,小龍包
PRE34/ARE152/SUB56606,34.3894821,132.465247,牛丼
PRE09/ARE542/SUB54104,36.8426118,140.0169314,バー
PRE37/ARE251/SUB43503,34.250972,133.779489,ジビエ
PRE32/ARE151/SUB15102,35.3644476,132.7607531,バー
PRE28/ARE105/SUB63510,34.8397501,134.9364065,シチュー
PRE27/ARE85/SUB60906,34.7653159,135.5334506,立ち飲み
PRE37/ARE146/SUB43302,34.272806,134.124615,カレーうどん
PRE40/ARE137/SUB13702,33.642979,130.5054957,串揚げ
PRE40/ARE134/SUB13401,33.7294949,130.9822007,かに料理
PRE27/ARE87/SUB8702,34.4942102,135.4259237,韓国鍋
PRE08/ARE369/SUB5705,36.1486851,139.715815,餃子
PRE46/ARE309/SUB35903,31.3895935,130.9595534,餃子
PRE29/ARE386/SUB38612,34.5798527,135.7411942,チーズタッカルビ
PRE21/ARE382/SUB38205,35.9272147,136.8301607,釜飯
PRE09/ARE59/SUB53702,36.5361838,139.7947347,餃子
PRE40/ARE130/SUB13002,33.5948157,130.3513453,焼きそば
PRE13/ARE20/SUB2004,35.6160669,139.6243572,クルージング
PRE13/ARE13/SUB705,35.61879,139.706393,釜飯
PRE11/ARE52/SUB5203,35.8111385,139.6738821,もつ料理
PRE14/ARE37/SUB58505,35.5947376,139.5056216,韓国料理
PRE13/ARE13/SUB1303,35.6248748,139.7242813,うどんすき
PRE47/ARE267/SUB26701,26.5088683,127.8722764,餃子
PRE27/ARE89/SUB8902,34.697991,135.4948331,北京料理
PRE13/ARE8/SUB806,35.6569758,139.6955239,しらす丼
PRE22/ARE76/SUB7601,35.1017302,139.0770156,パフェ
PRE40/ARE137/SUB65504,33.6527175,130.8091566,カリフォルニア料理
PRE40/ARE124/SUB64002,33.59389,130.3919335,パンケーキ
PRE47/ARE144/SUB14403,26.217334,127.6964881,野菜料理
PRE14/ARE583/SUB3603,35.3882507,139.618092,シュークリーム
PRE34/ARE285/SUB28501,34.4871521,133.3639736,オイスターバー
PRE26/ARE108/SUB10803,35.0041162,135.7707304,プリン
PRE28/ARE98/SUB9801,34.6952987,135.1921505,パフェ
PRE19/ARE83/SUB8301,35.665473,138.568364,オーダーバイキング
PRE15/ARE157/SUB49507,37.8687725,139.0839958,おばんざい
PRE01/ARE164/SUB44203,43.0144365,141.3687012,餃子
PRE13/ARE25/SUB2502,35.6575657,139.5737953,タイ料理
PRE35/ARE149/SUB14901,34.1656973,131.4609657,餃子
PRE14/ARE37/SUB3502,35.5759202,139.6551931,鍋
PRE11/ARE50/SUB49008,35.7988342,139.5565236,中国茶専門店
PRE26/ARE659/SUB10902,35.0057012,135.7490372,創作料理
PRE12/ARE456/SUB4203,35.6630609,140.0163086,餃子
PRE01/ARE164/SUB43903,43.0767027,141.2845487,デリカテッセン
PRE34/ARE152/SUB56608,34.5007651,132.5132532,餃子
PRE22/ARE330/SUB33001,35.022035,138.4846694,ホテルバイキング・ビュッフェ
PRE14/ARE572/SUB2802,35.4579466,139.3595336,餃子
PRE14/ARE572/SUB57201,35.4555129,139.3968723,うどん
PRE14/ARE31/SUB57504,35.5525456,139.5418088,スイーツ
PRE22/ARE78/SUB32902,34.9571003,138.3816741,ローストビーフ丼
PRE01/ARE291/SUB29101,43.9584169,144.3526168,ジンギスカン
PRE45/ARE141/SUB52102,32.0173105,131.3606974,餃子
PRE08/ARE57/SUB5701,36.1070793,140.2053044,つけ麺
PRE34/ARE152/SUB56602,34.3796708,132.3580867,餃子
PRE23/ARE601/SUB60102,34.8556723,137.1660701,四川料理
PRE47/ARE267/SUB52804,26.2889959,127.753034,小龍包
PRE40/ARE128/SUB12807,33.576979,130.435972,薬膳料理
PRE10/ARE544/SUB6003,36.3130373,139.2576512,天ぷら
PRE08/ARE57/SUB5702,36.0444794,140.1009296,スープカレー
PRE14/ARE40/SUB3406,35.2968293,139.5752203,讃岐うどん
PRE28/ARE105/SUB10704,34.768321,134.446269,クラフトビアバー
PRE30/ARE278/SUB27801,34.1589773,135.2011549,担々麺
PRE05/ARE292/SUB40001,40.3288265,140.7421438,おでん
PRE27/ARE92/SUB62104,34.7081811,135.5110402,スペインバル
PRE26/ARE114/SUB11401,35.0169134,135.6769934,ベトナム料理
PRE29/ARE120/SUB12001,34.6663365,135.8191442,ビストロ
PRE11/ARE50/SUB5002,35.9682517,139.4689267,オーベルジュ
PRE13/ARE23/SUB109,35.6873545,139.7038626,ホルモン
PRE27/ARE616/SUB61601,34.7216824,135.526121,炉端焼き
PRE26/ARE659/SUB10903,35.0034106,135.7331301,焼きそば
PRE13/ARE10/SUB1004,35.6658665,139.8579831,カレーうどん
PRE18/ARE268/SUB55402,35.4871172,135.5659728,天ぷら
PRE44/ARE230/SUB23002,33.5335324,131.3287579,ダイニングバー
PRE23/ARE72/SUB7203,35.137346,137.080988,カレー
PRE07/ARE235/SUB35302,37.6510628,139.8734268,ラウンジ
PRE07/ARE163/SUB16301,37.7843388,140.4400082,餃子
PRE13/ARE312/SUB31201,35.628994,139.7761514,日本料理
PRE23/ARE71/SUB60304,35.3753793,136.9334296,配達
PRE13/ARE12/SUB1207,35.6958002,139.6803243,クッキー
PRE12/ARE46/SUB4601,35.518297,140.1713885,ホテル
PRE28/ARE101/SUB10103,34.6656274,135.0355876,担々麺
PRE01/ARE164/SUB43802,43.0634487,141.3542347,マレーシア料理
PRE22/ARE328/SUB32805,35.161828,138.618619,社員食堂
PRE22/ARE323/SUB32302,35.0560573,138.9498524,とんこつラーメン
PRE27/ARE88/SUB8803,34.7319725,135.4737039,ベトナム料理
PRE09/ARE59/SUB5901,36.5585626,139.8975715,配達
PRE14/ARE35/SUB3201,35.5098389,139.6144571,餃子
PRE22/ARE328/SUB7703,35.1393182,138.69123,メキシコ料理
PRE11/ARE48/SUB48603,35.7925661,139.3800983,餃子
PRE47/ARE247/SUB24701,26.6055615,128.0009435,中国茶専門店
PRE20/ARE298/SUB29802,35.5177914,137.8233543,ちゃんぽん
PRE12/ARE41/SUB4103,35.8749051,140.0407676,お好み焼き
PRE27/ARE84/SUB8402,34.8087999,135.4949293,ケーキ屋
PRE23/ARE72/SUB60406,35.121431,137.068937,刺身
PRE27/ARE93/SUB62205,34.6167808,135.4812658,チョコレート
PRE29/ARE281/SUB38502,34.59763,135.7640523,ハワイ料理
PRE45/ARE297/SUB52403,32.7208068,131.3377479,ダーツバー
PRE19/ARE375/SUB37502,35.7389375,138.4436254,北京料理
PRE06/ARE350/SUB35003,38.765234,140.055495,スイーツ・ケーキバイキング
PRE13/ARE19/SUB1902,35.5907763,139.7328956,台湾料理
PRE20/ARE82/SUB55703,36.6766519,138.2857663,しっぽく料理
PRE28/ARE104/SUB10401,34.8050571,135.3441496,ゼリー
PRE23/ARE75/SUB7502,34.8270245,137.2280459,餃子
PRE05/ARE160/SUB39603,39.9016636,139.9391305,サラダ専門店
PRE28/ARE100/SUB10001,34.7121747,135.2381655,韓国鍋
PRE37/ARE251/SUB25102,34.292881,133.794545,魚介・海鮮料理
PRE16/ARE310/SUB40403,36.774503,137.3446529,モロッコ料理
PRE13/ARE1/SUB105,35.6880172,139.7120096,和食
PRE12/ARE471/SUB4703,35.521468,140.443362,珍しい鍋
PRE29/ARE281/SUB28101,34.7032547,135.6971393,ベトナム料理
PRE23/ARE63/SUB6304,35.1645513,136.9078192,パキスタン料理
PRE11/ARE53/SUB49304,35.9653617,139.6927943,餃子
PRE23/ARE75/SUB7501,34.766752,137.3899247,餃子
PRE12/ARE454/SUB45401,35.8839496,139.9098472,ホルモン
PRE31/ARE288/SUB39002,35.5050785,133.4874456,ちゃんぽん
PRE27/ARE96/SUB9601,34.6768536,135.5211389,フランス料理
PRE13/ARE665/SUB2002,35.6129375,139.6779348,海鮮丼
PRE18/ARE555/SUB55502,35.6065729,135.9111033,くじら料理
PRE12/ARE459/SUB4405,35.7126686,140.2421161,チャーハン
PRE24/ARE80/SUB8001,34.666297,136.517507,スリランカ料理
PRE19/ARE259/SUB37202,35.4934478,138.7676767,バル
PRE18/ARE553/SUB55302,35.9908264,136.4864389,居酒屋
PRE13/ARE661/SUB502,35.7224636,139.7006398,懐石料理
PRE04/ARE272/SUB53402,38.3069906,141.009293,餃子
PRE01/ARE164/SUB16401,43.0573276,141.3115122,韓国鍋
PRE09/ARE539/SUB53901,36.7618582,140.1296872,中華料理
PRE22/ARE328/SUB32802,35.2086195,138.6363228,家系ラーメン
PRE14/ARE33/SUB3303,35.4654016,139.5316791,ジュースバー
PRE10/ARE294/SUB29404,36.4961488,138.9159256,しゃぶしゃぶ
PRE40/ARE130/SUB13001,33.5821023,130.354208,きりたんぽ鍋
PRE47/ARE247/SUB52703,26.6971216,128.0203039,和菓子
PRE14/ARE589/SUB58901,35.4235093,139.5861996,火鍋
PRE13/ARE11/SUB1103,35.6967065,139.7601294,スペインバル
PRE03/ARE161/SUB36004,39.5485381,141.1676431,お子様ランチ
PRE13/ARE12/SUB1201,35.707593,139.6660992,刀削麺
PRE13/ARE8/SUB803,35.6569476,139.7039723,肉バル
PRE19/ARE374/SUB37404,35.7282105,138.7676367,担々麺
PRE26/ARE660/SUB11001,35.0226253,135.7551405,北海道料理
PRE24/ARE80/SUB8002,34.5773195,136.5311035,メキシコ料理
PRE11/ARE50/SUB49006,35.9448807,139.4158842,スペイン料理
PRE42/ARE236/SUB23601,33.1650796,129.7200791,屋台
PRE22/ARE326/SUB7701,35.1187718,138.9119626,居酒屋
PRE11/ARE53/SUB5301,35.959254,139.6079359,割烹・小料理屋
PRE17/ARE226/SUB54904,36.6664911,136.7288766,油そば
PRE27/ARE88/SUB8802,34.7254526,135.4992613,塩ラーメン
PRE27/ARE86/SUB61002,34.8231991,135.6702927,餃子
PRE01/ARE164/SUB43901,43.068459,141.295215,パンケーキ
PRE26/ARE482/SUB48202,34.7602641,135.7907687,ジンギスカン
PRE35/ARE296/SUB43203,34.1726355,131.2093373,牛料理
PRE22/ARE324/SUB32402,34.969389,138.774293,ワインバル
PRE22/ARE331/SUB7802,34.8473562,138.2331111,餃子
PRE03/ARE365/SUB29302,39.136985,141.142397,スイーツ
PRE13/ARE18/SUB1802,35.6834493,139.7406147,カリブ料理
PRE23/ARE67/SUB6702,35.1317826,136.9219225,日本料理
PRE13/ARE11/SUB1102,35.7035478,139.7715194,懐石料理
PRE13/ARE664/SUB111,35.6695522,139.6820915,自然食
PRE24/ARE234/SUB23403,34.4835681,136.8428781,クルージング
PRE22/ARE78/SUB7801,34.9718887,138.3915505,バーベキュー
PRE13/ARE20/SUB2003,35.6460475,139.6697988,エジプト料理
PRE13/ARE9/SUB903,35.7223498,139.7793262,かにしゃぶ
PRE22/ARE328/SUB32804,35.2567974,138.5335083,味噌ラーメン
PRE14/ARE40/SUB3402,35.2848911,139.5690237,インド料理
PRE37/ARE251/SUB25101,34.3049879,133.9148378,アラビア料理
PRE39/ARE147/SUB14701,33.5606173,133.5357171,串揚げ
PRE24/ARE408/SUB23402,33.8626216,136.0695816,味噌ラーメン
PRE12/ARE45/SUB4501,35.6081236,140.1232283,精進料理
PRE06/ARE299/SUB29902,38.7062032,139.66201,居酒屋
PRE13/ARE661/SUB110,35.7047305,139.7265335,ケーキ屋
PRE01/ARE245/SUB24501,42.7878941,141.6815039,うなぎ
PRE47/ARE144/SUB14406,26.2129052,127.672482,ジンギスカン
PRE26/ARE108/SUB10802,35.0028053,135.7700157,餃子
PRE13/ARE663/SUB1203,35.7094726,139.5596111,餃子
PRE14/ARE30/SUB3002,35.2454641,139.0580838,ホルモン
PRE18/ARE555/SUB26801,35.646195,136.073697,牛タン
PRE40/ARE127/SUB12701,33.5925336,130.4088672,餃子
PRE12/ARE470/SUB47001,35.594824,140.399539,甘味処
PRE11/ARE49/SUB48803,36.0543557,139.5103903,パフェ
PRE27/ARE88/SUB8804,34.7490959,135.5333422,割烹・小料理屋
PRE01/ARE164/SUB44002,43.0713921,141.3593675,餃子
PRE31/ARE288/SUB39001,35.378612,133.5106201,刀削麺
PRE04/ARE158/SUB53108,38.2256167,140.7208131,熟成肉
PRE23/ARE61/SUB6101,35.1744608,136.8793601,餃子
PRE19/ARE376/SUB37601,35.5624026,138.4637887,カレーうどん
PRE23/ARE72/SUB60405,35.2269165,137.1026448,パスタ
PRE23/ARE64/SUB6403,35.1756968,136.9116477,中華菓子
PRE23/ARE74/SUB60603,34.7818206,136.9146067,角打ち
PRE13/ARE1/SUB113,35.6879692,139.69886,立ち飲み
PRE47/ARE267/SUB26703,26.3505101,127.7452353,ビアガーデン
PRE22/ARE77/SUB32503,35.1598725,138.8560724,テイクアウト
PRE14/ARE31/SUB3103,35.5614942,139.5052934,餃子
PRE40/ARE131/SUB13103,33.5771877,130.0897402,ローストビーフ丼
PRE21/ARE380/SUB8102,35.3758647,136.5876509,ベーグル
PRE47/ARE290/SUB29001,26.105562,127.691433,洋菓子
PRE13/ARE664/SUB2205,35.6482745,139.6362014,餃子
PRE13/ARE3/SUB302,35.6159718,139.2572545,オイスターバー
PRE15/ARE157/SUB49506,37.8976504,139.0672043,餃子
PRE26/ARE116/SUB11202,35.01429,135.7848278,ふぐ料理
PRE04/ARE158/SUB53102,38.2661221,140.8671895,鉄板焼き
PRE19/ARE374/SUB37401,35.6890286,138.6750908,チョコレート
PRE32/ARE151/SUB15101,35.472298,133.044958,カレー鍋
PRE24/ARE234/SUB40702,34.329287,136.824183,串カツ
PRE21/ARE81/SUB8101,35.4340271,136.7443967,もつ料理
PRE27/ARE86/SUB61008,34.6991415,135.6075726,お土産
PRE13/ARE22/SUB2207,35.6705968,139.6223651,丼もの
PRE42/ARE139/SUB13902,32.9070966,129.9560084,餃子
PRE34/ARE258/SUB25802,34.3115025,132.3035112,ハンバーガーチェーン
PRE14/ARE28/SUB57102,35.537194,139.3280876,マレーシア料理
PRE13/ARE8/SUB804,35.658526,139.6941514,すき焼き
PRE13/ARE24/SUB2403,35.779998,139.7204829,ほうとう
PRE22/ARE332/SUB33202,34.825072,138.1352498,ドーナツ
PRE14/ARE34/SUB58010,35.3490305,139.4529475,もんじゃ焼き
PRE20/ARE82/SUB55702,36.6963392,138.31642,焼きそば
PRE12/ARE454/SUB45402,35.9649459,139.8824198,スリランカ料理
PRE07/ARE163/SUB16302,37.3988999,140.3864034,パンケーキ
PRE23/ARE71/SUB60308,35.3655927,136.9206601,懐石料理
PRE28/ARE107/SUB63803,34.939522,134.957634,スポーツバー
PRE14/ARE34/SUB58009,35.2941614,139.2464482,プリン
PRE40/ARE131/SUB13101,33.5869742,130.3242895,餃子
PRE12/ARE43/SUB4302,35.6624764,139.9015949,餃子
PRE12/ARE45/SUB4502,35.6155109,140.0988063,餃子
PRE10/ARE60/SUB6001,36.3763068,139.1197854,郷土料理
PRE38/ARE145/SUB39003,33.8045741,132.8928918,ふぐ料理
PRE15/ARE157/SUB49503,37.9016451,139.0564345,餃子
PRE01/ARE271/SUB27102,43.344858,142.3894984,カレーうどん
PRE47/ARE275/SUB52902,24.7957161,125.2866732,餃子
PRE23/ARE73/SUB60503,35.1835482,136.836709,牛料理
PRE40/ARE129/SUB12901,33.561944,130.424559,とんかつ
PRE42/ARE139/SUB50601,32.8498608,130.0426986,かに料理
PRE33/ARE424/SUB42401,34.6762709,133.7601579,屋形船
PRE13/ARE16/SUB1301,35.6239398,139.7331112,角打ち
PRE27/ARE616/SUB61602,34.695698,135.53801,パン屋
PRE46/ARE355/SUB35503,31.9114866,130.4559171,無国籍料理
PRE12/ARE463/SUB4602,35.38442,139.9182829,寿司
PRE01/ARE261/SUB44505,43.51751,141.914217,餃子
PRE27/ARE86/SUB8604,34.664291,135.5602784,野菜料理
PRE40/ARE132/SUB13203,33.6430082,130.4463523,日本酒バー
PRE26/ARE115/SUB11502,35.0439131,135.7615254,ビアバー
PRE13/ARE1/SUB102,35.6851272,139.7007111,しらす丼
PRE08/ARE57/SUB5703,35.9195398,140.0163236,ひつまぶし
PRE11/ARE54/SUB5403,35.9686329,139.7445284,アイスクリーム
PRE13/ARE1/SUB104,35.6907487,139.7037559,餃子
PRE27/ARE96/SUB9602,34.664357,135.519722,明石焼き
PRE10/ARE294/SUB29401,36.6236716,138.5955293,フレンチトースト
PRE11/ARE50/SUB5001,35.8140219,139.5863073,和食
PRE23/ARE73/SUB7302,35.1698042,136.7051066,イノベーティブ
PRE46/ARE143/SUB35402,31.7038652,130.2837671,あんこう鍋
PRE13/ARE7/SUB703,35.6447346,139.6991196,きりたんぽ鍋
PRE06/ARE162/SUB34706,38.5699578,140.5307614,広東料理
PRE13/ARE22/SUB2202,35.6768534,139.6764511,餃子
PRE40/ARE137/SUB65305,33.7637849,130.4859713,クルージング
PRE23/ARE63/SUB6201,35.1708005,136.9049119,トルコ料理
PRE13/ARE667/SUB2804,35.5414601,139.4483468,B級麺料理
PRE23/ARE70/SUB7004,34.78312,137.096308,ゼリー
PRE22/ARE332/SUB33203,34.6818702,138.195359,カフェ
PRE20/ARE298/SUB56004,35.7433774,137.8890383,サラダバー
PRE23/ARE72/SUB7201,35.1989022,137.0406062,モロッコ料理
PRE13/ARE12/SUB1208,35.7232157,139.6439529,二郎系ラーメン
PRE01/ARE271/SUB27101,43.769454,142.357263,鶏料理
PRE40/ARE136/SUB13603,33.1679607,130.4110635,精進料理
PRE13/ARE312/SUB31204,35.62865,139.78699,牛タン
PRE13/ARE21/SUB2101,35.7306994,139.8195723,餃子
PRE36/ARE148/SUB14804,34.2257928,134.5363191,うどんすき
PRE40/ARE122/SUB12301,33.5901859,130.3929165,餃子
PRE14/ARE35/SUB3501,35.5532297,139.6458476,ジェラート
PRE43/ARE253/SUB51402,32.5220355,130.4213302,カレー
PRE28/ARE99/SUB9902,34.672909,135.177234,塩ラーメン
PRE01/ARE261/SUB44502,42.9818111,141.4839422,讃岐うどん
PRE28/ARE98/SUB9802,34.6857972,135.1844345,餃子
PRE08/ARE58/SUB5801,35.9073933,140.6505636,ビアガーデン
PRE27/ARE92/SUB9203,34.6894748,135.5099923,立ち飲み
PRE01/ARE245/SUB44403,42.317168,140.972375,飲茶・点心
PRE10/ARE545/SUB54502,36.25808,138.892006,かき氷
PRE40/ARE127/SUB12703,33.5895045,130.4057154,チーズ料理
PRE45/ARE141/SUB14101,31.915878,131.42366,旅館
PRE47/ARE247/SUB24702,26.6775441,127.9044104,きりたんぽ鍋
PRE04/ARE536/SUB53601,38.3617363,140.8658845,ご当地グルメ
PRE40/ARE134/SUB13402,33.8852537,130.8843777,カリブ料理
PRE40/ARE136/SUB65403,33.2501021,130.5429053,旅館
PRE25/ARE266/SUB26601,35.2674941,136.2454077,餃子
PRE23/ARE66/SUB6603,35.1832179,137.0214213,火鍋
PRE27/ARE87/SUB61203,34.5113553,135.4355653,沖縄そば
PRE15/ARE228/SUB22801,37.1562457,138.2544622,喫茶店
PRE27/ARE618/SUB8904,34.6842197,135.479526,パブ
PRE15/ARE497/SUB49703,37.6791672,139.017866,油そば
PRE12/ARE42/SUB4201,35.7189772,139.9283509,餃子
PRE02/ARE243/SUB24301,40.523969,141.5289548,インドカレー
PRE14/ARE33/SUB57804,35.4755817,139.5485951,北京料理
PRE14/ARE40/SUB4003,35.1860311,139.6531357,飲茶・点心
PRE13/ARE14/SUB1403,35.6491377,139.7190021,餃子
PRE16/ARE156/SUB15601,36.6771908,137.2072157,ネパール料理
PRE37/ARE146/SUB14601,34.3367805,134.0585181,かにしゃぶ
PRE26/ARE114/SUB11402,35.003989,135.690534,かに料理
PRE08/ARE55/SUB5501,36.5907684,140.6628296,ハヤシライス
PRE34/ARE285/SUB28502,34.3922128,133.2878577,餃子
PRE22/ARE330/SUB33004,35.1172025,138.6070604,B級麺料理
PRE05/ARE160/SUB39604,40.0446202,140.2838295,スペインバル
PRE13/ARE3/SUB303,35.7894797,139.2702733,ケイジャン料理
PRE23/ARE71/SUB60307,35.2410114,136.9074934,餃子
PRE12/ARE456/SUB4304,35.724003,140.0099429,ちゃんこ鍋
PRE26/ARE115/SUB47602,35.0252826,135.7423113,パクチー料理
PRE13/ARE15/SUB1504,35.678481,139.7628728,ワインバル
PRE04/ARE535/SUB27203,38.9055942,141.5720056,ご当地グルメ
PRE11/ARE54/SUB5402,35.9376298,139.7698237,ビアホール
PRE23/ARE65/SUB6504,35.12021,136.9068961,九州料理
PRE15/ARE157/SUB49505,37.7349588,138.8439723,もつ鍋
PRE30/ARE121/SUB12101,34.2336948,135.1903732,コーヒー専門店
PRE22/ARE77/SUB32502,35.1205435,138.8799624,焼きそば
PRE12/ARE467/SUB4605,35.1209637,140.0858984,タジン鍋
PRE27/ARE94/SUB9402,34.6769978,135.4950801,料亭
PRE12/ARE44/SUB45802,35.7664159,140.3576982,立ち飲み
PRE23/ARE69/SUB6902,35.1891179,136.9127472,紅茶専門店
PRE11/ARE49/SUB48805,35.9812896,139.6520287,プリン
PRE16/ARE403/SUB30703,36.6498587,136.9499742,餃子
PRE12/ARE46/SUB46202,35.47811,140.042705,洋風なおかず
PRE11/ARE51/SUB5104,35.842281,139.631684,穴子丼
PRE11/ARE51/SUB5102,35.8694034,139.6455842,寿司
PRE11/ARE54/SUB49405,35.8099491,139.8424462,串焼き
PRE47/ARE144/SUB14401,26.2046642,127.7100356,シュラスコ
PRE10/ARE544/SUB54404,36.4040922,139.3167217,とんかつ
PRE13/ARE5/SUB505,35.7286762,139.7303436,ビアレストラン
PRE13/ARE14/SUB1401,35.6707755,139.7296676,餃子
PRE27/ARE86/SUB61003,34.7340346,135.5827335,餃子
PRE28/ARE100/SUB10002,34.7197861,135.2743506,野菜料理
PRE40/ARE122/SUB64003,33.5853959,130.3977508,フレンチトースト
PRE14/ARE35/SUB58203,35.5306233,139.6347739,パキスタン料理
PRE27/ARE627/SUB62705,34.6442094,135.5011126,インドネシア料理
PRE29/ARE386/SUB38609,34.5647228,135.7462626,クレープ
PRE03/ARE161/SUB16101,39.704861,141.1568696,チーズ料理
PRE13/ARE16/SUB1602,35.6588042,139.7557642,串カツ
PRE08/ARE55/SUB36604,36.7732147,140.3554789,角打ち
PRE38/ARE145/SUB14501,33.8403912,132.7737824,ソフトクリーム
PRE26/ARE660/SUB11003,35.0143386,135.7391551,湯豆腐
PRE46/ARE143/SUB14301,31.5105096,130.4937216,ベーグル
PRE20/ARE82/SUB8201,36.7414408,138.0853548,餃子
PRE40/ARE122/SUB12201,33.5912509,130.4040824,ジェラート
PRE13/ARE6/SUB602,35.689195,139.7352176,牛丼
PRE24/ARE408/SUB40802,35.0644706,136.6836336,おでん
PRE13/ARE6/SUB601,35.7094842,139.736027,餃子
PRE23/ARE601/SUB7003,34.9227285,137.1503198,水炊き
PRE44/ARE138/SUB51602,33.1201034,131.803475,鍋
PRE10/ARE545/SUB54503,36.339303,138.7390259,あんこう鍋
PRE34/ARE258/SUB25801,34.2986187,132.3217214,自然食
PRE26/ARE116/SUB47704,35.0344863,135.7841222,くじら料理
PRE28/ARE103/SUB10303,34.7481871,135.4209234,トルコ料理
PRE13/ARE23/SUB2301,35.672359,139.7135493,フルーツパーラー
PRE29/ARE386/SUB38603,34.5149538,135.7476169,ケイジャン料理
PRE26/ARE484/SUB48403,35.1784294,135.4218432,オーベルジュ
PRE14/ARE38/SUB58703,35.4606613,139.620118,ダーツバー
PRE40/ARE122/SUB64004,33.5852599,130.3941242,バル
PRE19/ARE374/SUB37403,35.6651369,138.7316387,懐石料理
PRE13/ARE21/SUB2102,35.7641003,139.8476204,餃子
PRE43/ARE241/SUB24101,32.5225151,130.600077,カリブ料理
PRE40/ARE136/SUB13602,33.3617916,130.8124848,ピザ
PRE34/ARE285/SUB28503,34.395617,133.065175,熟成肉
PRE19/ARE378/SUB37801,35.3757502,138.4251286,讃岐うどん
PRE21/ARE382/SUB38202,35.4873581,136.8987036,餃子
PRE13/ARE20/SUB2006,35.6501306,139.6868458,餃子
PRE13/ARE16/SUB1302,35.648138,139.7466687,シチュー
PRE27/ARE611/SUB61103,34.493669,135.548077,ロシア料理
PRE01/ARE245/SUB44404,42.3730097,141.0610209,ホテル
PRE40/ARE137/SUB65503,33.7453606,130.7274713,餃子
PRE27/ARE86/SUB8603,34.737152,135.5640374,餃子
PRE19/ARE83/SUB37103,35.6543646,138.5807758,サラダバー
PRE29/ARE281/SUB38505,34.5817317,135.771868,パン屋
PRE12/ARE468/SUB4604,35.1318124,139.8390542,うどんすき
PRE11/ARE51/SUB5101,35.8591998,139.6510937,和食
PRE21/ARE302/SUB30202,35.3577312,137.1847558,湯豆腐
PRE26/ARE481/SUB48101,34.8558507,135.773216,弁当屋
PRE44/ARE279/SUB27901,33.2630751,131.3557077,ハンバーガー
PRE23/ARE69/SUB6901,35.2312352,136.8975559,学食
PRE03/ARE161/SUB24201,39.9131711,141.0969272,ワインバー
PRE16/ARE310/SUB31001,36.8746463,137.4517263,釜飯
PRE11/ARE487/SUB48702,36.0844171,139.112288,台湾料理
PRE30/ARE420/SUB28301,33.718294,135.4715871,天丼
PRE01/ARE164/SUB43805,43.0389134,141.3471983,ドーナツ
PRE11/ARE50/SUB5004,35.7865586,139.6100267,日本酒バー
PRE23/ARE62/SUB6202,35.175621,136.9004241,スイーツ・ケーキバイキング
PRE13/ARE17/SUB1703,35.7188829,139.8576828,スポーツバー
PRE21/ARE81/SUB37903,35.3495376,136.7488653,餃子
PRE27/ARE613/SUB61303,34.4137045,135.326211,オーストラリア料理
PRE27/ARE90/SUB9002,34.6908149,135.5329147,餃子
PRE26/ARE116/SUB47702,35.0472096,135.7871341,ハンバーグ
PRE25/ARE266/SUB41201,35.1319008,136.226771,炉端焼き
PRE13/ARE2/SUB1601,35.6657722,139.7562744,にんにく料理
PRE18/ARE154/SUB55102,36.2520111,136.1471556,回転寿司
PRE19/ARE373/SUB8303,35.6112462,138.4638184,うどん
PRE13/ARE666/SUB2603,35.7229085,139.5669875,珍しい鍋
PRE13/ARE22/SUB107,35.6850457,139.6806759,焼肉
PRE15/ARE497/SUB49701,37.7781095,139.2280757,創作料理
PRE02/ARE159/SUB15901,40.8328021,140.6694753,ジビエ
PRE40/ARE125/SUB12501,33.5895882,130.3815218,おでん
PRE27/ARE89/SUB8905,34.7073838,135.5065644,バーベキュー
PRE14/ARE572/SUB57205,35.5100789,139.4163122,インドカレー
PRE13/ARE6/SUB603,35.6931609,139.7197396,韓国料理
PRE11/ARE49/SUB4901,35.9958119,139.5865795,パクチー料理
PRE41/ARE140/SUB14001,33.2050757,130.3135998,中国茶専門店
PRE13/ARE5/SUB503,35.729558,139.742594,料亭
PRE23/ARE63/SUB6305,35.1679424,136.8970601,定食
PRE11/ARE489/SUB48904,36.1419834,139.4582558,パスタ
PRE27/ARE627/SUB62706,34.706249,135.4615379,洋食
PRE42/ARE507/SUB13903,32.7856807,130.3703444,魚介・海鮮料理
PRE17/ARE226/SUB22601,37.0444988,136.9672099,もつ鍋
PRE31/ARE389/SUB38902,35.4664791,133.8941799,会席料理
PRE40/ARE126/SUB12602,33.5925384,130.414055,しっぽく料理
PRE26/ARE111/SUB11701,34.9310872,135.7619896,ほうとう
PRE25/ARE413/SUB26602,35.5255239,136.1866838,沖縄料理
PRE42/ARE139/SUB13901,32.7412951,129.8758433,冷麺
PRE40/ARE134/SUB13403,33.8323107,130.9251265,天ぷら
PRE31/ARE288/SUB28801,35.4446089,133.3879619,チーズタッカルビ
PRE13/ARE15/SUB1503,35.6853894,139.7752763,すっぽん料理
PRE12/ARE466/SUB46601,35.2464402,140.0502996,ハヤシライス
PRE27/ARE94/SUB9401,34.6711958,135.5036918,カレー鍋
PRE01/ARE265/SUB26502,42.9322144,143.3028366,おばんざい
PRE27/ARE85/SUB60902,34.8219236,135.4243568,餃子
PRE23/ARE67/SUB6703,35.1260068,136.99265,餃子
PRE15/ARE500/SUB30102,36.9373111,138.8439919,焼肉
PRE23/ARE68/SUB6803,35.1016579,136.9433014,焼き鳥
PRE13/ARE7/SUB701,35.6458908,139.7168863,餃子
PRE30/ARE121/SUB41702,34.2627552,135.3267545,紅茶専門店
PRE09/ARE542/SUB54105,36.97196,140.0506627,ビアバー
PRE20/ARE273/SUB55902,36.3446263,137.8385439,チャーハン
PRE20/ARE227/SUB22701,36.3965367,138.2623933,メキシコ料理
PRE39/ARE249/SUB24901,32.9327164,132.7208583,餃子
PRE22/ARE328/SUB32803,35.2367443,138.5960762,スイーツ
PRE01/ARE286/SUB28601,45.2991648,141.0455247,パフェ
PRE28/ARE98/SUB9904,34.6958888,135.1867445,お好み焼き
PRE27/ARE93/SUB9301,34.6684056,135.4371022,豚料理
PRE13/ARE9/SUB904,35.70988,139.8158651,餃子
PRE13/ARE314/SUB31402,27.0950619,142.1946867,屋形船
PRE01/ARE164/SUB44105,43.0430266,141.4736901,すき焼き
PRE32/ARE305/SUB30501,36.1022458,133.0799411,湯豆腐
PRE46/ARE287/SUB25401,28.391635,129.537906,スープカレー
PRE28/ARE636/SUB10502,34.6470201,134.9925901,シュークリーム
PRE13/ARE2/SUB205,35.6623863,139.7798879,ステーキ
PRE20/ARE227/SUB55803,36.2896068,138.4891046,餃子
PRE40/ARE131/SUB13102,33.5592191,130.3116714,もつ鍋
PRE14/ARE34/SUB31301,35.3390837,139.4814718,サンドイッチ
PRE30/ARE278/SUB41802,34.1720715,135.3097498,ベトナム料理
PRE11/ARE54/SUB5404,35.795909,139.860532,ケイジャン料理
PRE06/ARE162/SUB16201,38.219163,140.3148525,火鍋
PRE15/ARE157/SUB49504,37.8885236,138.9992315,テイクアウト
PRE13/ARE18/SUB1803,35.6706501,139.7466087,穴子丼
PRE05/ARE160/SUB16001,39.7222012,140.1017924,エジプト料理
PRE46/ARE355/SUB35504,32.0088137,130.1940355,洋菓子
PRE20/ARE227/SUB22702,36.356265,138.6338165,ビストロ
PRE14/ARE31/SUB3102,35.5652366,139.5523784,うどん
PRE26/ARE479/SUB47902,34.923913,135.6934944,燻製
PRE13/ARE664/SUB2204,35.6409584,139.5993918,ランチバイキング・ビュッフェ
PRE22/ARE330/SUB33005,35.086436,138.54786,うどんすき
PRE40/ARE132/SUB13202,33.6253171,130.4273182,マレーシア料理
PRE14/ARE34/SUB3404,35.3532603,139.5322464,餃子
PRE21/ARE380/SUB38004,35.3664525,136.5269781,ジュースバー
PRE40/ARE136/SUB13601,33.2733462,130.4532466,精進料理
PRE27/ARE94/SUB9403,34.6776686,135.5011214,クッキー
PRE13/ARE2/SUB202,35.6752523,139.7622298,寿司
PRE22/ARE336/SUB33606,34.7940598,137.9077721,串焼き
PRE01/ARE446/SUB44602,42.8464635,140.6456177,イノベーティブ
PRE09/ARE238/SUB23804,36.4085918,139.7811181,餃子
PRE21/ARE302/SUB38104,35.350586,137.248508,ドイツ料理
PRE40/ARE125/SUB12502,33.5826333,130.3738343,カフェ
PRE22/ARE78/SUB32906,35.009972,138.4510929,餃子
PRE40/ARE129/SUB12903,33.5564472,130.400315,割烹・小料理屋
PRE13/ARE21/SUB2104,35.7799264,139.7524,ワインバー
PRE11/ARE487/SUB4803,35.9872514,139.0833813,豆腐料理・湯葉料理
PRE10/ARE544/SUB54403,36.245995,139.5290998,餃子
PRE45/ARE270/SUB27002,31.756233,131.100832,炉端焼き
PRE09/ARE542/SUB26903,37.0688852,140.0000554,甘味処
PRE26/ARE485/SUB48504,35.4458805,135.337958,シュークリーム
PRE21/ARE306/SUB30601,36.1419909,137.2592446,バイキング
PRE12/ARE41/SUB4101,35.8602241,139.9678212,たこ焼き
PRE12/ARE464/SUB4603,35.4489159,140.2976611,クラフトビアバー
PRE13/ARE2/SUB201,35.6703979,139.7654532,お土産
PRE21/ARE380/SUB38002,35.3080545,136.5455378,ホテルバイキング・ビュッフェ
PRE21/ARE382/SUB30201,35.4229013,137.0613421,お好み焼き
PRE14/ARE29/SUB2901,35.3970829,139.3139533,火鍋
PRE12/ARE467/SUB46702,35.059475,140.069591,オーベルジュ
PRE14/ARE38/SUB58702,35.4645517,139.6246488,魚介・海鮮料理
PRE35/ARE229/SUB22902,33.960461,131.259735,炭火焼き
PRE01/ARE261/SUB24502,43.0597258,141.9775119,バイキング
PRE12/ARE466/SUB46602,35.1673512,139.8211929,沖縄料理
PRE24/ARE250/SUB25001,35.003269,136.661612,ホルモン
PRE14/ARE40/SUB4002,35.2098093,139.6849984,上海料理・上海蟹
PRE26/ARE658/SUB47301,34.9795457,135.7415374,中華菓子
PRE14/ARE39/SUB58805,35.4208415,139.6577635,パン屋
PRE26/ARE112/SUB11201,35.0041497,135.7772293,餃子
PRE40/ARE126/SUB12601,33.590743,130.418285,ダーツバー
PRE20/ARE82/SUB55707,36.482431,138.143155,洋風なおかず
PRE25/ARE416/SUB29503,34.9144483,136.0855609,餃子
PRE14/ARE40/SUB4001,35.2400284,139.5990538,ダイニングバー
PRE11/ARE53/SUB5302,35.9008922,139.6311566,クレープ
PRE01/ARE164/SUB43804,43.0538389,141.3524516,餃子
PRE01/ARE244/SUB44302,41.7664572,140.7169474,そば（蕎麦）
PRE09/ARE269/SUB26901,36.7651083,139.616208,串揚げ
PRE11/ARE50/SUB5003,36.0560164,139.3735122,パキスタン料理
PRE01/ARE300/SUB30001,43.0471558,144.4593366,ビアレストラン
PRE31/ARE150/SUB15001,35.4965796,134.2320863,会席料理
PRE01/ARE164/SUB44003,43.1116808,141.3333149,餃子
PRE14/ARE577/SUB57701,35.47609,139.6307627,ステーキ
PRE40/ARE129/SUB12902,33.5735305,130.4093015,かき氷
PRE01/ARE244/SUB24402,41.8048616,140.1242028,南米料理
PRE43/ARE280/SUB28002,33.014425,130.689941,ラーメン
PRE14/ARE589/SUB58903,35.4351786,139.6183418,郷土料理
PRE24/ARE250/SUB40904,34.855744,136.4303976,クラフトビアバー
PRE27/ARE86/SUB61006,34.6200776,135.5983626,鶏料理
PRE01/ARE265/SUB26501,42.7453701,143.0840538,インターネットカフェ
PRE14/ARE577/SUB57702,35.4889466,139.6246842,塩ラーメン
PRE15/ARE498/SUB49802,37.6401667,139.0145956,餃子
PRE15/ARE498/SUB49801,37.6753151,138.9128276,豆腐料理・湯葉料理
PRE38/ARE232/SUB23201,34.064371,132.99866,鶏料理
PRE23/ARE71/SUB7103,35.2215669,136.9438361,刺身
PRE04/ARE158/SUB53107,38.3261878,140.865264,パスタ
PRE27/ARE96/SUB9603,34.6657722,135.5293081,広東料理
PRE14/ARE37/SUB58506,35.6126419,139.5401667,ラーメン
PRE13/ARE22/SUB2203,35.6560686,139.6486968,郷土料理
PRE28/ARE103/SUB10301,34.8342192,135.2374378,洋食
PRE22/ARE334/SUB33401,34.7870608,137.8007834,餃子
PRE14/ARE39/SUB3902,35.4456368,139.631434,スペインバル
PRE10/ARE547/SUB29403,36.6654876,139.0111077,バー
PRE11/ARE51/SUB5103,35.8443123,139.6474923,かき氷
PRE27/ARE85/SUB8501,34.8035774,135.556358,沖縄料理
PRE15/ARE500/SUB50004,36.9968281,138.8191079,からあげ
PRE40/ARE124/SUB12404,33.5767885,130.4114155,鉄板焼き
PRE32/ARE277/SUB27701,34.8852301,132.2116836,ホテルバイキング・ビュッフェ
PRE21/ARE302/SUB38102,35.336497,137.1152052,餃子
PRE22/ARE79/SUB7901,34.704469,137.7306377,天ぷら
PRE23/ARE600/SUB7002,35.0559748,137.1452287,学食
PRE01/ARE291/SUB29102,43.8050678,143.8890825,餃子
PRE22/ARE319/SUB7604,34.97172,139.094965,パクチー料理
PRE27/ARE611/SUB61102,34.5255562,135.6055359,シンガポール料理
PRE46/ARE309/SUB30901,31.3813817,130.8276522,カレー鍋
PRE13/ARE664/SUB66401,35.6254889,139.5749554,家系ラーメン
PRE04/ARE264/SUB53202,38.1329421,140.9131337,四川料理
PRE10/ARE547/SUB54701,36.687813,139.0843204,寿司
PRE09/ARE238/SUB23803,36.3349367,139.4560062,タジン鍋
PRE42/ARE236/SUB23602,33.367789,129.552072,ピザ
PRE14/ARE572/SUB57204,35.5145257,139.4518045,学食
PRE13/ARE662/SUB66201,35.7337918,139.7089995,回転寿司
PRE29/ARE386/SUB38604,34.5977975,135.7027571,オーダーバイキング
PRE20/ARE298/SUB56006,35.991173,138.1835598,カレー鍋
PRE12/ARE43/SUB4301,35.6233331,139.8870756,角打ち
PRE23/ARE74/SUB60604,34.9020473,136.9244647,にんにく料理
PRE28/ARE104/SUB63306,34.8184101,135.4022706,スープカレー
PRE19/ARE259/SUB37206,35.4750168,138.6671544,おでん
PRE27/ARE613/SUB8703,34.4674885,135.3850591,餃子
PRE39/ARE147/SUB39302,33.5345674,133.6490456,カツ丼
PRE14/ARE39/SUB58806,35.4332703,139.6474337,日本料理
PRE27/ARE97/SUB9702,34.6497176,135.5059947,サンドイッチ
PRE28/ARE102/SUB9901,34.6808,135.1780285,トルコ料理
PRE13/ARE17/SUB1702,35.7044519,139.790098,串揚げ
PRE05/ARE274/SUB39702,39.1534052,140.4891388,バル
PRE13/ARE21/SUB2103,35.7672229,139.865676,餃子
PRE28/ARE106/SUB63703,34.2548637,134.684494,燻製
PRE12/ARE45/SUB46105,35.6251646,140.2359239,餃子
PRE02/ARE225/SUB34503,40.8662053,141.1312793,ビアホール
PRE23/ARE66/SUB6602,35.1875109,137.0033536,餃子
PRE01/ARE446/SUB26101,43.1985816,140.9938112,無国籍料理
PRE11/ARE50/SUB49007,35.9713898,139.3991729,餃子
PRE14/ARE35/SUB58204,35.5379399,139.6353343,ワインバー
PRE14/ARE38/SUB3801,35.4634333,139.6160441,ビアガーデン
PRE44/ARE230/SUB23003,33.3272366,130.9373264,洋菓子
PRE13/ARE665/SUB66501,35.6050605,139.7037016,B級麺料理
PRE13/ARE17/SUB1705,35.6983446,139.8237395,とんかつ
PRE28/ARE636/SUB63602,34.806511,134.972379,餃子
PRE27/ARE616/SUB9704,34.6620602,135.5359797,ネパール料理
PRE27/ARE91/SUB9106,34.6788053,135.4890578,ジェラート
PRE28/ARE101/SUB10102,34.602822,135.0074763,明石焼き
PRE15/ARE496/SUB15702,37.9418465,139.3130964,ジェラート
PRE14/ARE572/SUB57206,35.43971,139.3617139,紅茶専門店
PRE40/ARE132/SUB13201,33.6427566,130.4462728,そば（蕎麦）
PRE35/ARE149/SUB14902,34.0337666,131.5672574,ハンバーガーチェーン
PRE40/ARE135/SUB13502,33.5332076,130.487878,餃子
PRE11/ARE50/SUB5006,35.8469266,139.5822688,パブ
PRE27/ARE627/SUB9703,34.6121723,135.5128716,韓国鍋
PRE13/ARE661/SUB108,35.6986135,139.6975665,餃子
PRE43/ARE280/SUB51205,32.8602402,130.8017416,アイスクリーム
PRE40/ARE135/SUB13504,33.4980733,130.5031728,定食
PRE11/ARE52/SUB5202,35.828274,139.6943116,アラビア料理
PRE20/ARE298/SUB56003,35.8487408,137.9686424,ハンバーガー
PRE14/ARE36/SUB3602,35.3730718,139.5770013,ドーナツ
PRE16/ARE307/SUB30701,36.743651,137.012788,ドーナツ
PRE40/ARE134/SUB65204,33.8657073,130.797187,くじら料理
PRE33/ARE239/SUB23901,34.5993489,133.7690595,フルーツパーラー
PRE20/ARE273/SUB55904,36.095228,138.008111,小龍包
PRE40/ARE136/SUB13604,33.1639817,130.4985462,焼肉
PRE14/ARE32/SUB57601,35.53299,139.495055,焼き鳥
PRE28/ARE103/SUB10302,34.7351219,135.3137445,韓国料理
PRE40/ARE127/SUB12702,33.5908894,130.4052513,くじら料理
PRE26/ARE658/SUB11101,34.9929728,135.7430224,バー
PRE11/ARE489/SUB48903,36.2367331,139.2101158,洋風なおかず
PRE14/ARE583/SUB58303,35.3454354,139.6384125,バイキング
PRE09/ARE541/SUB26902,36.7549042,139.9459793,ダイニングバー
PRE01/ARE164/SUB44004,43.1306118,141.3550082,スペイン料理
PRE09/ARE238/SUB23802,36.2957262,139.8079609,チーズフォンデュ
PRE22/ARE79/SUB33305,34.7617771,137.6993591,冷麺
PRE23/ARE66/SUB6604,35.1687151,136.9731449,ひつまぶし
PRE47/ARE267/SUB26704,26.3346818,127.8041932,餃子
PRE13/ARE661/SUB103,35.7129691,139.7074825,餃子
PRE24/ARE250/SUB25003,34.8743219,136.5386653,クラフトビアバー
PRE24/ARE234/SUB23401,34.4626528,136.7235741,餃子
PRE27/ARE92/SUB9201,34.6942978,135.5091812,餃子
PRE06/ARE289/SUB28901,37.953107,140.1561002,中華料理
PRE14/ARE34/SUB31302,35.3608243,139.4022576,お好み焼き
PRE13/ARE9/SUB902,35.7143745,139.7920311,ハンバーガーチェーン
PRE23/ARE73/SUB7301,35.20588,136.8363988,もんじゃ焼き
PRE14/ARE579/SUB57902,35.4665624,139.5004483,日本酒バー
PRE41/ARE140/SUB14002,33.3885704,130.5064214,餃子
PRE35/ARE263/SUB26301,34.1064092,132.094832,デリカテッセン
PRE23/ARE72/SUB7202,35.178426,137.030606,ハワイ料理
PRE12/ARE453/SUB4202,35.764834,139.998575,フルーツパーラー
PRE37/ARE251/SUB43504,34.1113644,133.9763593,ラウンジ
PRE01/ARE446/SUB44606,43.2957536,140.6044399,お土産
PRE26/ARE485/SUB48503,35.6090121,135.2293708,ワインバー
PRE34/ARE248/SUB24801,34.246806,132.5614054,喫茶店
PRE13/ARE15/SUB1501,35.6807423,139.7715851,北京料理
PRE23/ARE74/SUB7401,35.0355185,136.9555909,餃子
PRE47/ARE275/SUB27501,24.3444633,124.1524706,ロシア料理
PRE04/ARE536/SUB53602,38.6205958,141.3264144,丼もの
PRE46/ARE356/SUB30902,31.8091879,130.8122132,コーヒー専門店
PRE07/ARE163/SUB35104,37.2486774,140.3388261,おばんざい
PRE40/ARE124/SUB12403,33.5789563,130.3950143,餃子
PRE27/ARE93/SUB62204,34.6701752,135.4583076,ジュースバー
PRE21/ARE380/SUB38006,35.487658,136.572449,創作料理
PRE11/ARE49/SUB4903,36.0399935,139.6502927,餃子
PRE14/ARE37/SUB3101,35.5796791,139.5716899,無国籍料理
PRE22/ARE327/SUB7704,35.3007548,138.9387813,鍋
PRE40/ARE126/SUB12802,33.5863471,130.4251027,ファミレス
PRE33/ARE240/SUB24001,34.733103,134.265424,精進料理
PRE26/ARE116/SUB11603,35.125461,135.764014,シンガポール料理
PRE04/ARE535/SUB27202,38.4466255,141.4456207,餃子
PRE18/ARE154/SUB55103,36.1571457,136.332575,水炊き
PRE13/ARE25/SUB2501,35.6737837,139.4697286,パブ
PRE13/ARE10/SUB1003,35.671026,139.7975565,スープ
PRE23/ARE74/SUB7402,34.9768712,136.9100014,豚料理
PRE14/ARE39/SUB3904,35.4456438,139.6280661,ピザ
PRE14/ARE583/SUB58304,35.3541346,139.6445499,洋食
PRE31/ARE150/SUB15002,35.405945,134.2001254,季節料理
PRE13/ARE664/SUB2201,35.6584183,139.6670651,餃子
PRE19/ARE83/SUB37102,35.641723,138.543666,ちゃんぽん
PRE11/ARE51/SUB5105,35.8623686,139.6719565,牛丼
PRE27/ARE94/SUB9501,34.6680651,135.500977,スープ
PRE27/ARE94/SUB62309,34.6570013,135.5000923,豆腐料理・湯葉料理
PRE27/ARE616/SUB61604,34.7329325,135.5038637,しらす丼
PRE23/ARE71/SUB7101,35.3174971,136.7641808,餃子
PRE23/ARE65/SUB6503,35.1617879,136.9056179,中華料理
PRE13/ARE1/SUB112,35.695057,139.6968551,穴子丼
PRE13/ARE22/SUB2206,35.6714535,139.6089014,餃子
PRE04/ARE158/SUB53104,38.286067,140.9138416,すっぽん料理
PRE14/ARE32/SUB3203,35.510213,139.567425,フランス料理
PRE12/ARE45/SUB4503,35.6474946,140.0379731,社員食堂
PRE27/ARE85/SUB8404,34.8283394,135.5155007,中華菓子
PRE26/ARE112/SUB11203,35.0057458,135.777562,餃子
PRE27/ARE91/SUB9102,34.6864036,135.4988794,デリカテッセン
PRE28/ARE100/SUB10003,34.703969,135.2157881,親子丼
PRE12/ARE464/SUB46402,35.3910804,140.3847731,屋形船
PRE12/ARE453/SUB45302,35.7989407,140.0586155,炭火焼き
PRE09/ARE238/SUB23801,36.2910563,139.5641656,冷麺
PRE02/ARE343/SUB15902,40.6201366,140.4953486,餃子
PRE12/ARE453/SUB45303,35.7635736,140.1518696,珍しい鍋
PRE04/ARE158/SUB53106,38.2691132,140.7903391,きりたんぽ鍋
PRE28/ARE639/SUB10702,35.3859973,134.7239219,カリフォルニア料理
PRE46/ARE357/SUB14302,31.4205865,130.321563,ハンバーガー
PRE14/ARE36/SUB3601,35.4108174,139.5936765,たこ焼き
PRE34/ARE152/SUB56605,34.3931726,132.4613398,飲茶・点心
PRE11/ARE50/SUB5005,35.8749658,139.5129566,季節料理
PRE34/ARE284/SUB28402,34.7634763,132.9554614,親子丼
PRE26/ARE111/SUB47302,34.9683097,135.7682939,イタリアンバル
PRE40/ARE137/SUB13701,33.854733,130.513355,家系ラーメン
PRE14/ARE29/SUB57304,35.3466351,139.1394102,イタリアンバル
PRE12/ARE459/SUB4402,35.7213226,140.1001068,ビアバー
PRE15/ARE157/SUB49502,37.9206921,139.04682,スペイン料理
PRE15/ARE301/SUB30101,37.425065,138.848914,九州料理
PRE13/ARE9/SUB906,35.7264133,139.7895545,餃子
PRE02/ARE344/SUB34404,40.8077087,140.3871527,燻製
PRE13/ARE19/SUB1904,35.5486082,139.7459495,ラウンジ
PRE14/ARE583/SUB3604,35.3251245,139.6204725,炉端焼き
PRE23/ARE74/SUB60601,34.8555594,136.8660869,四川料理
PRE27/ARE90/SUB9001,34.6972124,135.5351038,沖縄そば
PRE28/ARE104/SUB10402,34.7781615,135.3957588,餃子
PRE14/ARE39/SUB3901,35.4533049,139.6486649,和スイーツ
PRE13/ARE14/SUB1405,35.6562697,139.7384758,豆腐料理・湯葉料理
PRE22/ARE337/SUB33703,34.7943647,137.6880982,二郎系ラーメン
PRE26/ARE657/SUB10904,35.0097876,135.759303,餃子
PRE01/ARE261/SUB26102,43.21707,141.5317513,ハヤシライス
PRE11/ARE49/SUB4904,36.1257838,139.595838,海鮮丼
PRE43/ARE142/SUB14201,32.7986168,130.7058765,担々麺
PRE10/ARE544/SUB54402,36.3285468,139.3306374,天丼
PRE35/ARE296/SUB29601,34.620371,131.600572,ベーグル
PRE40/ARE128/SUB12804,33.5838265,130.4565869,サムギョプサル
PRE02/ARE159/SUB15903,41.1634873,140.5062973,お子様ランチ
PRE22/ARE320/SUB7605,34.8756201,139.1049644,親子丼
PRE13/ARE3/SUB304,35.725791,139.2100056,串カツ
PRE10/ARE545/SUB54501,36.2536491,139.0768411,ラウンジ
PRE46/ARE356/SUB35602,31.9363633,130.7804175,ハンバーグ
PRE12/ARE471/SUB4702,35.5690076,140.3770596,讃岐うどん
PRE26/ARE108/SUB10801,35.0041897,135.7697661,しっぽく料理
PRE13/ARE13/SUB1304,35.6097369,139.711549,ひつまぶし
PRE27/ARE91/SUB9103,34.6890504,135.4947767,インターネットカフェ
PRE13/ARE4/SUB401,35.6983083,139.5061661,ちゃんこ鍋
PRE27/ARE611/SUB61101,34.561065,135.6051892,オイスターバー
PRE21/ARE81/SUB37904,35.4228772,136.6495206,餃子
PRE40/ARE126/SUB12803,33.5800319,130.4191283,餃子
PRE35/ARE429/SUB14903,34.0534709,131.8036859,ビアレストラン
PRE11/ARE53/SUB5303,35.8716486,139.6492869,餃子
PRE17/ARE226/SUB54902,36.7194888,136.7028211,にんにく料理
PRE24/ARE250/SUB25002,35.0669635,136.6961794,回転寿司
PRE06/ARE299/SUB29901,38.9201531,139.8425762,モロッコ料理
PRE01/ARE261/SUB44506,42.336974,142.363118,そば（蕎麦）
PRE28/ARE639/SUB63902,35.5434791,134.8189745,ふぐ料理
PRE07/ARE163/SUB35102,37.518456,140.404688,餃子
PRE01/ARE291/SUB45004,43.8282297,144.1048672,イタリア料理
PRE13/ARE9/SUB901,35.7084183,139.7751494,餃子
PRE40/ARE136/SUB65406,33.3450316,130.7317168,イノベーティブ
PRE29/ARE386/SUB38607,34.4404911,135.7238868,スリランカ料理
PRE25/ARE415/SUB29502,35.1487183,136.0916577,クレープ
PRE27/ARE618/SUB8903,34.6963636,135.4868562,上海料理・上海蟹
PRE13/ARE312/SUB31202,35.6432713,139.7804534,餃子
PRE34/ARE152/SUB56604,34.3933045,132.4007424,もつ鍋
PRE27/ARE91/SUB9104,34.6892179,135.5048125,和スイーツ
PRE26/ARE116/SUB11504,35.0300916,135.7695722,チョコレート
PRE22/ARE332/SUB7804,34.8357164,138.2088849,シンガポール料理
PRE13/ARE9/SUB905,35.7417366,139.7811117,餃子
PRE13/ARE19/SUB1903,35.5604505,139.7170863,インド料理
PRE13/ARE23/SUB2303,35.6602458,139.7175648,刺身
PRE22/ARE323/SUB32303,34.9899761,138.9456537,つけ麺
PRE40/ARE137/SUB13703,33.6443203,130.6834674,シュラスコ
PRE27/ARE90/SUB61903,34.6766551,135.5324549,もつ料理